<?xml version="1.0" encoding="UTF-8"?>
<beans xmlns="http://www.springframework.org/schema/beans"
    xmlns:xsi="http://www.w3.org/2001/XMLSchema-instance" xmlns:context="
    http://www.springframework.org/schema/context"
    xmlns:p="http://www.springframework.org/schema/p"
    xsi:schemaLocation="http://www.springframework.org/schema/beans
    http://www.springframework.org/schema/beans/spring-beans.xsd
    http://www.springframework.org/schema/context
    http://www.springframework.org/schema/context/spring-context.xsd">
    
    <bean name="Collections1" class="Injecting_collections.Collections">
       <property name="name" value="radhe" />
       
       
       <property name="phones">
       <list>
        <value>896254596</value>
        <value>896254585</value>
        <value>896254569</value>
       </list>
       </property>
       
       
       <property name="address">
       <set>
       <value>delhi</value>
       <value>chennai</value>
       <value>mumbai</value>
       </set>
       </property>
       
       
       <property name="courses">
       <map>
        <entry key="java" value="1yr" />
        <entry key="ruby" value="0.5yr" />
       </map>
       </property>
       
    </bean>
    
    
    
    
</beans>        
        
  