<?xml version="1.0" encoding="UTF-8"?>
<beans xmlns="http://www.springframework.org/schema/beans"
    xmlns:xsi="http://www.w3.org/2001/XMLSchema-instance" xmlns:context="
    http://www.springframework.org/schema/context"
    xmlns:p="http://www.springframework.org/schema/p"
    xsi:schemaLocation="http://www.springframework.org/schema/beans
    http://www.springframework.org/schema/beans/spring-beans.xsd
    http://www.springframework.org/schema/context
    http://www.springframework.org/schema/context/spring-context.xsd">
    
    <bean class="reference_inject.b" name="bref">
    <property name="Y" value="90" />
    </bean>
    
    <bean class="reference_inject.a" name="aref">
    <property name="X" value="12" />
    <property name="ob">
    <ref bean="bref" />
    </property>
    <property name="ob" ref="bref" />
    </bean>
    
    
</beans>        
        
  