<?xml version="1.0" encoding="UTF-8"?>
<beans xmlns="http://www.springframework.org/schema/beans"
    xmlns:xsi="http://www.w3.org/2001/XMLSchema-instance" xmlns:context="
    http://www.springframework.org/schema/context"
    xmlns:p="http://www.springframework.org/schema/p"
    xmlns:c="http://www.springframework.org/schema/c"
    xsi:schemaLocation="http://www.springframework.org/schema/beans
    http://www.springframework.org/schema/beans/spring-beans.xsd
    http://www.springframework.org/schema/context
    http://www.springframework.org/schema/context/spring-context.xsd">
    
    <bean class="lifecycle.Samosa" name="samosa1" 
      init-method="init" destroy-method="destory" >
      <property name="price" value="10"></property> 
    </bean>
       
    <bean class="lifecycle.pepsi" name="p1" >
    <property name="price" value="5"></property>
    </bean>
    
    <bean class="lifecycle.subject" name="exam" >
    <property name="subject" value="maths" />
    
    </bean>
    
</beans>        
        
  