<?xml version="1.0" encoding="UTF-8"?>
<beans xmlns="http://www.springframework.org/schema/beans"
    xmlns:xsi="http://www.w3.org/2001/XMLSchema-instance" xmlns:context="
    http://www.springframework.org/schema/context"
    xmlns:p="http://www.springframework.org/schema/p"
    xsi:schemaLocation="http://www.springframework.org/schema/beans
    http://www.springframework.org/schema/beans/spring-beans.xsd
    http://www.springframework.org/schema/context
    http://www.springframework.org/schema/context/spring-context.xsd">
    
    <bean class="constructor.person" name="person">
    <constructor-arg value="Rahul" />
    <constructor-arg value="22" type="int" />
    
    </bean> 
    
    <bean class="constructor.addition" name="add" >
      <constructor-arg value="56"/>
      <constructor-arg value="16"/>
    </bean>
    
    
</beans>        
        
  